Close,High,Low,Open,Volume,MA_3,MA_15,stoch_k,stoch_d,RSI_14,ATR_14,SR_min,SR_max,dist_to_support,dist_to_resistance,support_touches,resistance_touches,strong_support,strong_resistance,sr_zone,ma_cross,rsi_zone,log_return,target
-0.5180879868453909,-0.7010495312512924,-0.3556338123377606,-0.5554945395165527,0.008963025328001119,-0.5346109693941506,-1.2405441160217558,1.1833828301798048,1.29999543521427,0.4381016036102244,-0.6502184523987433,99510.55,111041.25,0.07664011504307834,0.035159906791395065,1,1,False,False,NONE,0,sideway,0.0897531339134515,0.16007223019790134
-0.4953408987345287,-0.5772323529558945,-0.31260970074216093,-0.5511340803265955,0.02128206927196613,-0.552944635399217,-1.2113346928899271,1.2416798731343663,1.2525708589529703,0.4785846601933431,-0.7922522842156429,99510.55,111041.25,0.07848012095199947,0.03351097002240164,1,1,False,False,NONE,0,sideway,0.16007223019790134,0.1809209032927606
-0.4671896689916463,-0.5421987108169865,-0.3642899848326963,-0.5280447765982773,0.10482588460908814,-0.5335490903938546,-1.1774077075598228,1.3138268416406722,1.3027422487329503,0.5313406731800616,-0.8520373721602236,99510.55,111041.25,0.08075726644059346,0.03147028694291536,1,1,False,False,NONE,0,sideway,0.1809209032927606,-0.7383244773055467
-0.6740005787576435,-0.6952383851916345,-0.5460940596910514,-0.49866770352409007,0.128855913374962,-0.587943300408893,-1.211870426188993,0.8270523487819986,1.177267052259426,0.07096870819099828,-0.8770858416783129,99510.55,111041.25,0.06402838693987722,0.04646201299066786,1,1,False,False,NONE,0,sideway,-0.7383244773055467,1.63120405552486
-0.27273995675176,-0.41933081465936844,-0.5642255622475374,-0.7118499770489405,0.1408884679248813,-0.5102831047874244,-1.1546629590145265,1.5793987842556938,1.2961885280746417,0.8018491297832908,-0.6620969481532138,99510.55,111041.25,0.09648625196021923,0.017374624295025523,1,1,False,False,NONE,0,sideway,1.63120405552486,0.45521373275553245
-0.17214838251164005,-0.3199512373433254,-0.14497582916294832,-0.29816341707136085,0.15189199934516712,-0.4073501889589671,-1.0932664879413077,1.600419557624989,1.397106858734844,0.9606994316948458,-0.7375311636111476,99510.55,111041.25,0.10462307765357533,0.010082739522474808,1,1,False,False,NONE,0,sideway,0.45521373275553245,-1.0027283231192736
-0.4518344527682556,-0.3851823139732571,-0.30038346840467905,-0.1942679533177043,0.09786828503940691,-0.32984169033754107,-1.0523151780604632,0.9734758352764796,1.448667184599087,0.3563971836675268,-0.7285514859090532,99510.55,111041.25,0.08199934579800838,0.030357187081377364,1,1,False,False,NONE,0,sideway,-1.0027283231192736,0.2597881712527236
-0.4032096013941881,-0.5883030351843357,-0.24671030844313374,-0.48283942875525915,0.017008115250590518,-0.3753594587501243,-0.9999053939124818,1.0824732025430384,1.2736840207857554,0.4430365503772658,-0.9297878876203656,99510.55,111041.25,0.08593259709648873,0.026832370853173932,1,1,False,False,NONE,0,sideway,0.2597881712527236,0.34781569866262246
-0.331539502370939,-0.49913465491793463,-0.23212441326451755,-0.4327165586539644,0.026093921747468364,-0.43096724476549764,-0.9293667775906398,1.2064038740790857,1.1349386765406235,0.5735798691771716,-1.0569819965901182,99510.55,111041.25,0.09172997234966535,0.021637004266432572,1,1,False,False,NONE,0,sideway,0.34781569866262246,-0.31438838421749243
-0.43148506427803635,-0.4246929759241302,-0.2707837599156366,-0.35814694378430545,0.13056315629458126,-0.4238678251635342,-0.8298304006234382,0.43560934800391365,0.9455389291423502,0.3462942989379851,-1.0821894596498405,99510.55,111041.25,0.08364540242215515,0.02888205959497039,1,1,False,False,NONE,0,sideway,-0.31438838421749243,0.4405340310255589
-0.3358876623047468,-0.48678115898978785,-0.2788286207936982,-0.4618631228722964,0.09708482424752683,-0.4003807953570434,-0.7713278460317972,0.563080123836431,0.7626442513083097,0.5349841495653388,-1.148933082973276,99510.55,111041.25,0.09137825084877926,0.021952202447288786,1,1,False,False,NONE,0,sideway,0.4405340310255589,1.060691287998077
-0.07629009094232131,-0.12699040063389952,-0.1699784742930987,-0.36356390189693943,0.109935919923291,-0.31133032213242334,-0.7157455162533873,1.1132120078634355,0.7298284571689115,1.0023736876741098,-1.0125263162783864,99510.55,111041.25,0.11237702937025267,0.0031339704839417784,1,1,False,False,NONE,0,neutral,1.060691287998077,1.3482712633127503
0.26617098544438506,0.10047812459755513,0.09597875774414433,-0.0948674122532551,0.1401283940223111,-0.0679346526651376,-0.6475160539505295,1.6332017209468248,1.1515384879828263,1.5086829583918138,-0.9275311932462451,99510.55,113449.85,0.14007861478004094,0.0,1,1,False,False,NONE,0,neutral,1.3482712633127503,1.9489076736432307
0.7852791649705585,0.7500693258535006,0.44846103603374604,0.2569403259743352,0.290061741387778,0.32321389484299556,-0.5293055448443446,1.458481406547116,1.4668375087964316,2.0881413689382753,-0.6226180044847823,99510.55,117628.35,0.18206913739296993,0.0,1,1,False,False,NONE,0,overbought,1.9489076736432307,-0.2109170202563253
0.7060059977201925,0.6651470589331177,0.8801326211732173,0.7921050529884227,0.07185037068219556,0.5961384689184454,-0.4110256774092665,1.2992100622190508,1.532333287665569,1.8928562684222665,-0.7739600684796607,99510.55,117628.35,0.1756567519725295,0.00542471266493159,1,1,False,False,NONE,0,overbought,-0.2109170202563253,0.9794566290043569
0.9624853172443723,0.8310918391267853,0.8906960859128028,0.7106329784906097,0.07475034495661732,0.839066044785601,-0.2685098573575985,1.6613429589421649,1.5422427047679792,2.149065788793044,-0.7893938114467862,99510.55,119054.75,0.19640329593193884,0.0,1,1,False,False,NONE,0,overbought,0.9794566290043569,0.5365215529542943
1.0956011277893751,1.3136286263388202,1.0415555667249905,0.9747577091598022,0.26833532121892467,0.947330026615532,-0.11537025465207326,1.1725887661422734,1.4415708927904785,2.272445657195049,-0.541793071224093,99510.55,120126.25,0.2071709984519229,0.0,1,1,False,False,NONE,0,overbought,0.5365215529542943,-1.583069694919971
0.6274285360592364,0.9369367974893341,0.7360953780053447,1.1119745086323063,0.3594857223040763,0.9199162116079541,-0.010005386390980146,0.4595742541438154,1.1459086537050995,1.1986194416094207,-0.3572717818457872,99510.55,120126.25,0.16930064199223094,0.03137116159041009,1,1,False,False,NONE,0,neutral,-1.583069694919971,1.6249447540981927
1.0665926893738285,0.8895881438332727,0.8075943847149389,0.628661468138441,0.24033536799270333,0.9562368076179943,0.15753922372656917,1.0433562170794386,0.9282960387273448,1.6722188652478238,-0.28478011057372404,99510.55,120126.25,0.2048245135817257,0.0019437883060530068,1,2,False,False,NONE,0,neutral,1.6249447540981927,-0.1344085286041487
1.007644063985491,0.9058670496825115,0.9446382229857724,1.0830328411747365,0.23480436867092308,0.9255506716095112,0.2807853866773462,0.9414680819442846,0.8469111593168666,1.5513881882962293,-0.3204713732083962,99510.55,120126.25,0.20005617494828434,0.005893799232057939,1,2,False,False,NONE,0,neutral,-0.1344085286041487,-0.83136423026247
0.7518480267366238,1.0189085929003987,0.8677229953506733,1.022562684654983,0.29378025678804465,0.9689576846215103,0.36972668098885814,0.48530842790474127,0.8559729732152159,1.0440750255100948,-0.19710582820815517,99510.55,120126.25,0.17936490151044282,0.023034099541107793,1,2,False,False,NONE,0,neutral,-0.83136423026247,0.21569043919171588
0.7924225705760999,0.7032979383623059,0.933475672861651,0.7579000999887917,0.06812600855960149,0.8733062247950678,0.4894953608287156,0.5562198853289247,0.6844369129376515,1.0946610254340914,-0.3932353701675565,99510.55,120126.25,0.18264696557299706,0.02031529328518949,1,2,False,False,NONE,0,neutral,0.21569043919171588,0.2464228642539617
0.8417928207959631,0.7500821539904985,0.9247339167403515,0.7993916940430067,0.09109193386187704,0.8154446547790721,0.6093357906639856,0.64250345293569,0.5791620416543026,1.1588293575264947,-0.5301536848719698,99510.55,120126.25,0.18664051198591503,0.017007107106065494,1,2,False,False,NONE,0,neutral,0.2464228642539617,-0.4487778417799339
0.6955082973085707,0.8512640845546255,0.8265083661410231,0.8513202168485133,0.24421759161813889,0.7957890577736377,0.70819652184107,0.38684441706007927,0.54448975917698,0.848696700553679,-0.492302841378994,99510.55,120126.25,0.1748075957775331,0.02680929438819575,1,2,False,False,NONE,0,sideway,-0.4487778417799339,1.2858011748047837
1.0392862449895148,0.9219920178877863,0.7806599948754661,0.6995429413143915,0.2789354287986155,0.881913945997449,0.8497688294530839,0.9416703255122193,0.6802190111990977,1.3089212649227147,-0.36116101962875,99510.55,120126.25,0.20261570255616107,0.003773529932050679,1,2,False,False,NONE,0,neutral,1.2858011748047837,-0.7148476388315355
0.8157784010776964,0.9264305532887618,0.9282306191888721,1.0552693300915454,0.18713019481278798,0.8728381311949377,0.9606249640296306,0.31779349369191695,0.5658783974710871,0.8522594093551206,-0.3608784346844807,99510.55,120126.25,0.18453621249204233,0.01875027315012326,1,2,False,False,NONE,0,sideway,-0.7148476388315355,0.43181328808055797
0.9177986564389246,0.83071982315387,0.9046828957068813,0.8239921113819398,0.1883287728899179,0.950389971816377,1.0563131495762916,0.18267673027534437,0.4939845181925986,0.992681676264713,-0.41797342262241943,99510.55,120126.25,0.19278860382140386,0.011914132006950996,1,2,False,False,NONE,0,neutral,0.43181328808055797,-0.6639022724468726
0.7103790042821931,0.7416668961204416,0.6109476637988799,0.9285406835605245,0.30628054912416103,0.835642026784655,1.0990713635082374,-0.7338339261197683,-0.09601335215811117,0.5787783762061391,-0.29396467530047793,99510.55,120126.25,0.1760104833105635,0.02581284273836903,1,2,False,False,NONE,-1,sideway,-0.6639022724468726,0.4596936924357449
0.8195302419348673,0.6760638035175967,0.8844973861176998,0.7141802536612937,0.03733716878318015,0.8369509551850205,1.102368275797375,-0.38056904444027057,-0.34192881899704997,0.7445104692760538,-0.46366281724017844,99510.55,120126.25,0.1848396979013783,0.018498870979490302,1,2,False,False,NONE,0,sideway,0.4596936924357449,0.4303659270244234
0.9211653745591004,0.8382242832971366,0.990132033513543,0.8270911748884598,0.055163825159615515,0.8381255233853442,1.1230789119727693,-0.051629823290723534,-0.4244355434524162,0.8976363330545926,-0.5797786135778901,99510.55,120126.25,0.19306093675494698,0.011688536019396309,1,2,False,False,NONE,0,sideway,0.4303659270244234,-0.238165097349108
0.8334567770371479,0.8703972508857051,0.9412026516989392,0.9329203518218024,0.16926845810238778,0.8810644427972113,1.1106589877671194,0.1576388312486133,-0.11051988026581784,0.7066852731776615,-0.6201394312444628,99510.55,120126.25,0.18596621162278765,0.017565686101081203,1,2,False,False,NONE,0,sideway,-0.238165097349108,-0.1693616946058033
0.7656006354415528,0.80431951721397,0.8849619829465227,0.841408336046672,0.1834467597464861,0.8622496805920123,1.0788940689654,-0.14275974830263077,-0.026779729720603742,0.5575893302892982,-0.663327165508332,99510.55,120126.25,0.18047734637181678,0.022112569067959775,1,2,False,False,NONE,0,sideway,-0.1693616946058033,-0.06953963088201374
0.7260199567298059,0.7421158809153379,0.7406313102025495,0.772703890953813,0.19420472882901846,0.7941680669731904,1.088384201691767,-0.31798308672266806,-0.12057111105117457,0.4682101034742661,-0.6313473167829248,99510.55,120126.25,0.17727567579517953,0.024764778722385774,1,2,False,False,NONE,0,sideway,-0.06953963088201374,-0.22623902280157673
0.6427961755967226,0.7568682384619301,0.8224859357019905,0.7314492087792293,0.12703173600879347,0.727651099554802,1.047590741800825,-0.6864140798412731,-0.41778875136530397,0.277019657339649,-0.6591127579274999,99510.55,120126.25,0.17054372626821973,0.03034141163983728,1,2,False,False,NONE,0,sideway,-0.22623902280157673,-1.0828383808234845
0.3245605616983761,0.4983427935606488,0.421648908517648,0.6452068815699362,0.40659276409644757,0.5737826653122668,0.9818390460061623,-1.2942886046501059,-0.823278365748941,-0.3767576955579727,-0.5539936834856521,99510.55,120126.25,0.1448017320776541,0.051665643437633274,1,2,False,False,NONE,0,sideway,-1.0828383808234845,-0.45246751624434156
0.18243784843334263,0.1391806139176164,0.2801302692112956,0.31872950539149175,0.17879861549615284,0.38413974425984027,0.927029224511676,-1.342350205734913,-1.183990323409352,-0.6315541118441869,-0.6265692728290518,99510.55,120126.25,0.13330546359154885,0.061188957451015026,1,2,False,False,NONE,0,sideway,-0.45246751624434156,0.8076491360267376
0.382565015215372,0.22704052421032012,0.27074052277611094,0.17105016507260104,0.0962955167333193,0.29335125683474134,0.8875774895349247,-0.6475931402854186,-1.170320246690264,-0.18166416966760984,-0.6150284206379572,99510.55,120126.25,0.14949369689947445,0.04777889928304596,1,2,False,False,NONE,0,sideway,0.8076491360267376,0.24856672691603518
0.4311401733330539,0.34638068269375305,0.5315505109992734,0.37681773706739347,0.14706845342500996,0.3305343586450178,0.8480492212297324,-0.48591960536523954,-0.8856680367235886,-0.07646155897348705,-0.7289644937454058,99510.55,120126.25,0.15342292852365902,0.04452399038511566,1,2,False,False,NONE,0,sideway,0.24856672691603518,-0.42998913025458557
0.2940613255912382,0.29957081079156495,0.36081117640633936,0.4272095341671885,0.20438971912345938,0.3694771456557835,0.8094070653678666,-0.9421614939353788,-0.7447489746142916,-0.35264992142407847,-0.7278609539440333,99510.55,120126.25,0.1423346569785817,0.05370932664592455,1,2,False,False,NONE,0,sideway,-0.42998913025458557,0.6778117501916296
0.4599995319794417,0.34555968192594155,0.43833771565831076,0.28645826557154674,0.15481536050889871,0.3964922142632551,0.7536465564341863,-0.3184834561708201,-0.6288590790498506,0.021702350970082714,-0.7553957618105048,99510.55,120126.25,0.15575735437096871,0.04259019156928646,1,2,False,False,NONE,0,sideway,0.6778117501916296,1.0273530035947236
0.7255602941082304,0.5774667425583717,0.5562475003209868,0.45702201285799515,0.1404791973619589,0.4992084200916481,0.7449624153229388,0.6144397549056867,-0.2413878574471793,0.5501041371640971,-0.6935650239838486,99510.55,120126.25,0.17723849380794288,0.024795579650576004,1,2,False,False,NONE,0,sideway,1.0273530035947236,-0.05535676791935274
0.6900544624201668,0.5921549594199788,0.7562075302005025,0.7311994908520515,0.14753619121120698,0.6373610451298403,0.7230404000583562,0.4897066646522922,0.26281806346699366,0.46794910064290257,-0.7937670050422811,99510.55,120126.25,0.17436643652356462,0.027174743238884042,1,2,False,False,NONE,1,sideway,-0.05535676791935274,0.010902745675746617
0.6731339086206045,0.6297029164103047,0.8104430968495708,0.694042743892697,0.06441333988166234,0.7117185803503985,0.7194552919543163,0.4302642332579099,0.5264757305619467,0.42681252334035263,-0.90244897343934,99510.55,120126.25,0.17299773742583063,0.028308550379288505,1,2,False,False,NONE,0,sideway,0.010902745675746617,0.7576784805766038
0.8661176697970941,0.7803565573035051,0.8138481025555603,0.6759157835890747,0.12027292499824598,0.7607557191639526,0.7239396666675056,1.1082221842713176,0.7003520913402367,0.8143323236058188,-0.8845547309223122,99510.55,120126.25,0.18860814255372924,0.015377155284544362,1,2,False,False,NONE,0,sideway,0.7576784805766038,0.29796347105917353
0.9303834736187745,1.1898178621119193,1.0222136671670947,0.8760102765202812,0.27250403423840597,0.8446008181871347,0.7248269749440893,0.6105639329111103,0.7429097457416824,0.936475347716469,-0.7137783620083933,103711.45,120126.25,0.14545067106862367,0.011070852540556241,4,2,True,False,SUPPORT,0,sideway,0.29796347105917353,0.6641693135164594
1.0998747478386026,0.9368341723933593,1.0209176865393208,0.9415772399639789,0.19906920180546783,0.9934805882282904,0.7504716191372462,1.062890681889641,0.9656774630164675,1.2443421707882774,-0.7584641119154787,105882.05,120160.65,0.13485383027623654,0.0,5,2,True,False,SUPPORT,0,neutral,0.6641693135164594,1.2310623129409677
1.4371180323047397,1.2782550385694915,1.127114740622689,1.11563703823092,0.23134895577539233,1.1926890886833614,0.8151099941697867,1.7358682194959802,1.1866914197139367,1.757573644182038,-0.6141656803908789,105882.05,122875.25,0.16049179251818413,0.0,5,1,True,False,SUPPORT,0,neutral,1.2310623129409677,-2.1025408064152575
0.8109954251505077,1.4725628296636062,0.9117496579979462,1.4643969371421817,0.37498538319418134,1.1510374266718475,0.8232894936466397,-0.05328625189883346,0.9529288405451312,0.3005887995398438,-0.14067242718214404,105882.05,122875.25,0.11289260077605225,0.04101639671129861,5,1,True,False,SUPPORT,0,sideway,-2.1025408064152575,-0.18938561657662237
0.7376233320960238,0.7976617141125069,0.8656445358533014,0.8186007653644025,0.2306824294300615,1.0246564888369085,0.8324172888961804,-0.21474761620292085,0.5030321158911104,0.16345963020966292,-0.20711300984604633,105882.05,122875.25,0.10731469592815776,0.045822897613636594,5,1,True,False,SUPPORT,0,sideway,-0.18938561657662237,0.23701891676577758
0.784161066701865,0.626149522462126,0.8902926202456655,0.7444665561113611,0.05422250286489394,0.7968552709739339,0.8766571402333628,-0.11233747893859382,-0.14777937860932341,0.24880057400004713,-0.42824790444854577,105882.05,122875.25,0.11085259493936887,0.042774277163220374,5,1,True,False,SUPPORT,0,sideway,0.23701891676577758,0.05325008557717043
0.779042661294067,0.7141120578508063,0.9139014748893437,0.7908500603287597,0.04558104726490329,0.7857077085708517,0.934084640727093,-0.24085159876456919,-0.21382705058305132,0.23805930068993642,-0.5825409283007821,105882.05,122875.25,0.11046348271496435,0.043109576582753696,5,1,True,False,SUPPORT,0,sideway,0.05325008557717043,-0.46632199045574535
0.6284969410715443,0.6401450199258938,0.60289057668848,0.7859709562131244,0.22751350592857644,0.7476360957603264,0.9577573558797063,-0.5927740153239596,-0.34694206369060865,-0.0787688670426329,-0.5219585428312787,105882.05,122875.25,0.09901867219231213,0.05297161145145173,5,1,True,False,SUPPORT,-1,sideway,-0.46632199045574535,-1.2044556858425604
0.27748862458638096,0.5083359122813416,0.3721082150861719,0.630915332506817,0.24999415327767255,0.5708700829114606,0.9429672901589788,-1.4382830996312963,-0.8138493196092719,-0.7147685184459512,-0.37657413072144885,105882.05,122875.25,0.07233426251191769,0.07596566436283957,5,1,True,False,SUPPORT,0,sideway,-1.2044556858425604,0.4430653460132661
0.37883802098639385,0.1843997968321708,0.323924633444157,0.26883074112227995,0.23393905376645852,0.4312481640728618,0.9511276563037262,-1.10337888756245,-1.1175723707530987,-0.4863857332396566,-0.46241321755314524,107670.35,122875.25,0.0621006618813814,0.06932641032266465,6,1,True,False,SUPPORT,0,sideway,0.4430653460132661,-0.8177267881631561
0.13755241460234874,0.23132512196732963,0.2795067313620851,0.37335370120576805,0.19332187375757148,0.2599692484255124,0.9200898041221712,-1.5541592101557784,-1.4561064072886623,-0.8836756597105029,-0.4665667011694182,107670.35,122875.25,0.04406226969634627,0.0851326853861945,6,1,True,False,SUPPORT,0,neutral,-0.8177267881631561,2.154667068054562
0.7094348324108531,0.5640613393964683,0.24021162062941734,0.12512767856691856,0.26386257863841533,0.41066504826717315,0.9185376125547816,-0.23711167170538827,-1.0331360783789476,0.22643767705468945,-0.1683308999645457,107670.35,122875.25,0.08681591543075694,0.04766948592169696,6,1,True,False,SUPPORT,0,sideway,2.154667068054562,-0.6934217852065948
0.4967973883335523,0.5333892638365546,0.593256305606544,0.7148461681337702,0.07622956570546552,0.4518182772785499,0.899935230411216,-0.6959200081691336,-0.8896569610544841,-0.12689182157994466,-0.21540731420074105,107834.15,122875.25,0.06929252004119295,0.06159906083609189,5,1,True,False,SUPPORT,0,sideway,-0.6934217852065948,-1.0867714976335547
0.180711007773915,0.342532241594642,0.10738583251501524,0.49501755593171576,0.1476823592693936,0.4668752880827109,0.8525359876094332,-1.1327842211058652,-0.7412775427889983,-0.5945467717210962,-0.0014843818905796752,107834.15,122875.25,0.04569795375583712,0.08230542765935371,5,1,True,False,SUPPORT,0,sideway,-1.0867714976335547,-1.4369138137528903
-0.2204999209755829,0.08782958151847806,-0.03883990624126768,0.16976315729406716,0.35960265675062564,0.14244308119302215,0.7479412359657494,-1.638513175383772,-1.2347551939923178,-1.0930098535534265,0.11534504734986717,107834.15,122875.25,0.01574918520709815,0.10858818191621179,5,1,True,False,SUPPORT,0,neutral,-1.4369138137528903,0.900418672903188
-0.0014396235103434519,-0.21023218160767002,-0.12521823770557694,-0.24332792147254997,0.3204997778245516,-0.03138000985503045,0.6582465667024274,-1.1033580007800894,-1.378226956422218,-0.694426515867195,0.05626511484852507,108603.65,122875.25,0.02478830131399825,0.09423785506031523,4,1,True,False,SUPPORT,0,sideway,0.900418672903188,0.5741023791215787
0.13310486815576777,-0.049803500322729975,0.08004797700840512,-0.018568980964670523,0.2310858532706565,-0.047988664259624295,0.5651880184875785,-0.8679571810044742,-1.2849730064433305,-0.4599287261006827,-0.04297814566226026,109532.45,122875.25,0.02598590645968389,0.08542403779442971,3,1,True,False,SUPPORT,0,sideway,0.5741023791215787,-0.16536679332909282
0.06955961655169031,0.05837617897328101,0.13897841687506762,0.12018454421354528,0.179886105849061,0.05320623736835233,0.43355069357347936,-0.631315580515772,-0.9303069795349139,-0.5486618220846131,-0.09769226874819789,109532.45,122875.25,0.02131605747885675,0.08958679636460556,3,1,True,False,SUPPORT,0,sideway,-0.16536679332909282,-1.865463046959837
-0.43946083192804924,-0.04794342045815965,-0.2672626050024414,0.05461758076984755,0.2743866788278491,-0.0996089862738928,0.31318529293845465,-1.5918789389475132,-1.1023306033841345,-1.1784371050036222,0.10993643107058475,107769.95,122875.25,0.0,0.12293199810376787,6,1,True,False,SUPPORT,0,neutral,-1.865463046959837,0.4843026350997083
-0.332545790812762,-0.5238031623632365,-0.28892748870445895,-0.46913695787933013,0.06961107603077714,-0.2620634707188043,0.21017382452684238,-1.275765407557869,-1.2459327368574729,-0.9768085875691589,-0.06330614543487692,107769.95,122875.25,0.007985528433482672,0.11592814663652767,6,1,True,False,SUPPORT,0,neutral,0.4843026350997083,0.29315724592739156
-0.27477738026360066,-0.45226064233076135,-0.18672841259544884,-0.3598757602032311,0.05333964779344699,-0.3821944921520137,0.10824338937942395,-1.1041649818869907,-1.412437918526748,-0.8657940376670268,-0.2530032050522679,107769.95,122875.25,0.01230027479830886,0.11214382066364054,6,1,True,False,SUPPORT,0,neutral,0.29315724592739156,-0.046983977872811826
-0.30566173910773364,-0.39893407683408005,-0.3013615669916776,-0.3009551354367374,0.24024182043546388,-0.3355151581391092,0.0038327960572961434,-1.1261640731190883,-1.2484450317514366,-0.9068720213684991,-0.28891243764242697,107769.95,122875.25,0.00999350932240388,0.11416701085043574,6,1,True,False,SUPPORT,0,neutral,-0.046983977872811826,1.267841196439314
0.009629549349722379,-0.15893246175652093,-0.2762855644675034,-0.3322915337857074,0.29448186346734023,-0.21613828750610872,-0.05573763763271064,-0.2682833923310239,-0.8936788514677961,-0.2963350970735566,-0.1496353387138047,107769.95,122875.25,0.03354274544991446,0.09351272937389746,6,1,True,False,SUPPORT,0,sideway,1.267841196439314,0.44134950460500716
0.10859366944318778,-0.0549090988475491,0.10096706053783727,-0.007158792599760661,0.17447204097383007,-0.08238920966913228,-0.07199499075959231,0.0009895302883710104,-0.5045191057035957,-0.11928788605830366,-0.256026298731688,107769.95,122875.25,0.040934416319205864,0.08702973137389347,6,1,True,False,SUPPORT,0,sideway,0.44134950460500716,-0.7727204183456037
-0.11621862244877317,-0.0973574041707447,-0.04697035074569311,0.09504627287761158,0.16405318178629058,-0.016296993850860766,-0.11964775021182698,-0.6107055246602355,-0.3230099000130875,-0.474078544333677,-0.263719656938258,107769.95,122875.25,0.02414309369170171,0.10175686315999352,6,1,True,False,SUPPORT,0,sideway,-0.7727204183456037,0.65484598809197
0.03876222090623492,0.04730549674483795,0.060009182207273075,-0.1362629609508631,0.23648822470123249,-0.006133294848050389,-0.12915701627030235,-0.15318303431094737,-0.28247943520387897,-0.18514940906286634,-0.24467701799750696,107769.95,122875.25,0.035718676681208525,0.09160428971660277,6,1,True,False,SUPPORT,1,sideway,0.65484598809197,-0.6222361209440896
-0.14531402406299737,-0.1675914542295207,0.030470604879916215,0.022948225184639272,0.03940106176477466,-0.09471567447254219,-0.21143273600812915,-0.487960510057273,-0.4546541594582859,-0.47712439756689917,-0.3755538300378707,107769.95,122875.25,0.02196994616773968,0.10366286131666065,6,1,True,False,SUPPORT,-1,sideway,-0.6222361209440896,0.6197170784118164
-2.3365703332477746e-05,-0.2055755678777453,0.04371161450140942,-0.16621630616469224,0.022492340793751023,-0.05417790186133228,-0.2592553037828346,0.5006884551728499,-0.06329730042111517,-0.19989929295236575,-0.538988942996301,107769.95,122875.25,0.032821765250888556,0.09414507803646385,6,1,True,False,SUPPORT,1,sideway,0.6197170784118164,0.3585180332799378
0.07666575221494162,-0.00989516612494801,0.11127377439833483,-0.017109091544245187,0.12902546832245843,-0.040954257657678884,-0.26927040730895635,0.9219523316018577,0.3152917575352784,-0.05531777298005694,-0.589942048342644,107769.95,122875.25,0.038549707038000855,0.08912128357826335,6,1,True,False,SUPPORT,0,sideway,0.3585180332799378,-0.1280467622448103
0.02333246479826393,0.033694843390983116,0.12840272590314583,0.06154565249309839,0.15161720339577633,0.01788250735858649,-0.24579978797675275,0.6848669455236027,0.7282812801864829,-0.15297760915465305,-0.6165613906408625,107769.95,122875.25,0.034566221845700004,0.09261507097645788,6,1,True,False,SUPPORT,0,sideway,-0.1280467622448103,1.0072054813776512
0.27530212130538156,0.1653884978025609,0.1472311237028679,0.0068254113222151235,0.1509039032718258,0.11393704778513929,-0.21916140634715162,1.3932997865154986,1.0425978711650579,0.32714162202692876,-0.5508546774870369,107769.95,122875.25,0.05338593921589468,0.07610889906632942,6,1,True,False,SUPPORT,0,sideway,1.0072054813776512,0.4535179284529772
0.37949645663351367,0.2195488922040514,0.453229266645364,0.26756934543884087,0.12379849856170631,0.21958750701434715,-0.1954444453640362,1.6053079983504535,1.283228945470631,0.5112880353397401,-0.7054470498200728,107769.95,122875.25,0.06116825701413062,0.06928327714490914,6,1,True,False,SUPPORT,0,sideway,0.4535179284529772,0.8620556812954044
0.5975504656569283,0.4683249529875829,0.572129376127375,0.3744102001284448,0.122734395098108,0.41991856526973,-0.14462153194789246,1.5697799796997518,1.5948347233139137,0.87365383180813,-0.7485620950551044,107769.95,122875.25,0.07745480071207236,0.0549988708059597,6,1,True,False,SUPPORT,0,sideway,0.8620556812954044,-0.04196576435013438
0.5660697877361602,0.4267361328431903,0.6591801503702457,0.5987337350197048,0.03651278093500783,0.5213605162977741,-0.04783198397167217,1.4773344512904716,1.6244259781284438,0.8010436583265216,-0.8962242031983487,107769.95,122875.25,0.07510349591885315,0.0570611250027975,6,1,True,False,SUPPORT,0,sideway,-0.04196576435013438,0.026391309179536897
0.5535843570690835,0.4044408307423401,0.6676040244507718,0.5657709686321903,0.03227390724759699,0.5820956609145632,0.037464410572958275,1.4406699856032859,1.5664517433242118,0.7706239517357426,-1.0584892222869944,107769.95,122875.25,0.07417095396258427,0.05787902771306666,6,1,True,False,SUPPORT,0,sideway,0.026391309179536897,-0.1152087424913435
0.501965486997736,0.4790621036541041,0.5702465363474035,0.5535539992717834,0.15426576861011715,0.5487483261053472,0.11223149329101832,1.252016020383128,1.454557035155965,0.6393065765554745,-1.0663662658877155,107769.95,122875.25,0.07031551930756216,0.061260506082388394,6,1,True,False,SUPPORT,0,sideway,-0.1152087424913435,0.7216652029838742
0.6826004739622105,0.4995871228493629,0.6143710088533748,0.5005497684722774,0.10632849224724618,0.589403122116583,0.20735883304021457,1.7237760394584978,1.5413368878739502,0.9814671688679273,-1.094499271101573,107769.95,122875.25,0.08380722084402943,0.04942736637361873,6,1,True,False,SUPPORT,0,neutral,0.7216652029838742,-0.4701842338567703
0.5319802138551056,0.5461019476006169,0.6146155335001244,0.6861926367460215,0.16921583760144066,0.5818659483145002,0.25763883815774724,1.0441060997857772,1.4016942412722257,0.5890907825601348,-1.083254981542751,107769.95,122875.25,0.0725573316123836,0.05929428424357226,6,1,True,False,SUPPORT,0,sideway,-0.4701842338567703,0.9143790506867232
0.7670790098190485,0.6281635399706604,0.6850386317640198,0.5311049979208451,0.12705512289810333,0.6743577763400708,0.3210227841038518,1.5861046205266647,1.5193373701399355,1.0226677499380235,-1.0662128336067704,107769.95,122875.25,0.09011695746356019,0.04389329828423539,6,1,True,False,SUPPORT,0,neutral,0.9143790506867232,-0.8921787686481355
0.4986360388198485,0.5769792733524839,0.6571995007315741,0.7735362840444068,0.08773591524591313,0.6101769427223273,0.3802069636518981,0.6521810562118302,1.1419949925373591,0.3780657562277176,-1.0681392386928223,107769.95,122875.25,0.0700668414525571,0.06147861347179352,6,1,True,False,SUPPORT,0,sideway,-0.8921787686481355,0.23771269946319198
0.5446023009772457,0.3989632162446058,0.6839382708536464,0.4972970323951884,0.0002514090600809135,0.6145804899235449,0.4288977063710764,0.799019209310343,1.0556921715862708,0.4675439273391577,-1.2363940027183615,107769.95,122875.25,0.07350008049553708,0.058467429364334945,6,1,True,False,SUPPORT,0,sideway,0.23771269946319198,-0.11428992522937145
0.49326916713012037,0.37517985025210043,0.6718465270718776,0.5442952268948702,0.0,0.5190547218971362,0.4903659274397026,0.5314354830569108,0.684309917900144,0.34472993977481264,-1.4015942803939903,107769.95,122875.25,0.06966598759672811,0.061830189562177854,6,1,True,False,SUPPORT,0,sideway,-0.11428992522937145,-1.0794171529039451
0.17924505671051658,0.3252014285116447,0.23255799918615477,0.49131660819046086,0.18356369419303536,0.40762677406633296,0.5076218013360568,-0.7075806560234877,0.20549495003488616,-0.3341377879940819,-1.2230367107764089,107769.95,122875.25,0.046211397518510465,0.08240146001737539,6,1,True,False,SUPPORT,-1,sideway,-1.0794171529039451,-0.2975792547286504
0.08002004702102196,0.03554209511855566,0.21174895174776104,0.1681303862317485,0.1434025585256905,0.24554503082152473,0.5079446763154043,-1.1542558791503585,-0.4823147891993839,-0.5238445281534055,-1.2735851144747796,107769.95,122875.25,0.038800240697893985,0.08890154852177312,6,1,True,False,SUPPORT,0,sideway,-0.2975792547286504,0.7725181495912842
0.26914015751347026,0.11969467381911651,0.15712214566389177,0.0651953760441636,0.11947192403938352,0.1673517285999061,0.5316054331354494,-0.4317845754809222,-0.8214949390932859,-0.08416475045645927,-1.2062433736366305,107769.95,122875.25,0.0529256996036465,0.07651256050343742,6,1,True,False,SUPPORT,0,sideway,0.7725181495912842,-1.9498434670768008
-0.26924900549061637,0.08172338830788783,-0.1348647350198494,0.26023788321784147,0.21969059145443065,0.010882774356652048,0.4791884739879229,-1.4699228846886745,-1.0899396720462318,-1.001755261158714,-0.9269039383858014,107769.95,122875.25,0.012713191385910505,0.11178166473720295,6,1,True,False,SUPPORT,0,neutral,-1.9498434670768008,0.1298077666599483
-0.2539931757799988,-0.34750607561296065,-0.13435123326167553,-0.29392461533310543,0.18385603030940856,-0.10564652687556199,0.4182105445546009,-1.424565076838037,-1.185124062546345,-0.9663452496307483,-1.0146875495552405,107769.95,122875.25,0.013852655587202266,0.1107822771469437,6,1,True,False,SUPPORT,0,neutral,0.1298077666599483,0.1170703909613499
-0.24205437093317322,-0.41972848690627734,-0.0786729711967839,-0.2794537816043206,0.016166187235435815,-0.2839901885248657,0.3373925455568794,-1.389069267925612,-1.522214182915526,-0.9368463669259582,-1.201734352083027,107769.95,122875.25,0.014744369835932929,0.1100001831125471,6,1,True,False,SUPPORT,0,neutral,0.1170703909613499,0.743641201480697
-0.0649724518003236,-0.26450802924213307,-0.06369583658336864,-0.2665965098665337,0.02933885263921046,-0.21272293790516317,0.2766501952751606,-0.8625788826626007,-1.3083492121661913,-0.5045008329310412,-1.262726613224331,107769.95,122875.25,0.027970691273402362,0.09839979979694849,6,1,True,False,SUPPORT,0,sideway,0.743641201480697,1.6560949416282174
0.3616690009049015,0.17956358918428647,0.11228855168234618,-0.08391824160005948,0.11874108374845062,0.00206701155421456,0.25817696312333255,0.4058884114795495,-0.663788830519001,0.35681218804502435,-1.1097979730926262,107769.95,122875.25,0.059836717006920816,0.07045112827847753,6,1,True,False,SUPPORT,0,sideway,1.6560949416282174,0.2471060332018656
0.4097720730869125,0.2254370070856905,0.3588549792323423,0.3556749525663097,0.13740382141771323,0.229473817217083,0.24930268452424625,0.5489058642463763,0.018633311746770083,0.44213054227075466,-1.1397198945812657,107769.95,122875.25,0.06342955527027713,0.06729996480169928,6,1,True,False,SUPPORT,0,sideway,0.2471060332018656,1.3673441117987506
0.7697003290934287,0.6636076824934732,0.49580100764447543,0.40573379242986835,0.18187983816272596,0.5206713784975833,0.25768667148802576,1.5239505329762126,0.8590055587194334,1.0226271400659013,-0.9296190428264607,107769.95,122875.25,0.09031274487925438,0.04372157940675606,6,1,True,False,SUPPORT,1,neutral,1.3673441117987506,1.424858714651394
1.1553199986517013,1.0275291009624088,0.9311526887175295,0.7763280024097834,0.1837215556958769,0.7975574113741292,0.31768760515049765,1.6515607966982924,1.2976460776664258,1.5201835672778414,-0.8095407757067241,107769.95,120606.95,0.11911483674252424,0.0,6,1,True,False,SUPPORT,0,neutral,1.424858714651394,0.8423221607127156
1.379498701524737,1.3963508677642102,1.1639279261908475,1.1731746098622746,0.21096728174185553,1.1358720608676534,0.3766374013801979,1.4312001056177626,1.6083296960008946,1.7674551949274855,-0.5973972594430796,107769.95,122411.45,0.13585883634538198,0.0,6,1,True,False,SUPPORT,0,neutral,0.8423221607127156,-0.1623574874226656
1.3111580506793754,1.254728235316925,1.4437252532341196,1.4055275365658777,0.05675413363268551,1.3247738337198753,0.45484848387798676,1.3076009712911256,1.532146194513996,1.607911992444812,-0.7519604912590524,107769.95,122411.45,0.1307544450006705,0.0044938606641779935,6,1,True,False,SUPPORT,0,neutral,-0.1623574874226656,0.4236146536312105
1.4142218644247169,1.6375326714454983,1.486602650041668,1.3339801489174523,0.16753198157113125,1.4150985617448462,0.5385556160242603,1.146839838942259,1.3544180330322335,1.7278387472159362,-0.6225928938570626,107769.95,122690.95,0.13845232367649796,0.0,6,2,True,False,SUPPORT,0,neutral,0.4236146536312105,1.1082606539387228
1.7217361582577044,1.6905641897912473,1.5632733530300158,1.4399117742311762,0.20660562688556794,1.5344971033778534,0.6568043917946643,1.564075044127141,1.4012074880080447,2.056130349723049,-0.5246108686977361,107769.95,125166.25,0.16142069287403402,0.0,6,1,True,False,SUPPORT,0,overbought,1.1082606539387228,-1.2884405723453887
1.319655597521445,1.5732123925423551,1.331512892840711,1.7581676678840616,0.23992025070745343,1.5374616961786733,0.7665771014405083,0.931743983793327,1.2688563931277184,1.154784989144569,-0.331990474907472,107769.95,125166.25,0.1313891302723997,0.02585760937952523,6,1,True,False,SUPPORT,0,neutral,-1.2884405723453887,0.44928935725522734
1.4303224794939031,1.4341425593574813,1.3873990008553394,1.3437127450536261,0.23752894127552093,1.5430788193802258,0.8965534139608405,1.1057839987926663,1.2543993374502262,1.2907791202512737,-0.3128381779828174,107769.95,125166.25,0.13965488524398503,0.018740674902379812,6,1,True,False,SUPPORT,0,neutral,0.44928935725522734,-0.6701051752358687
1.2138959246171412,1.378686523119291,1.2136764655720604,1.4566236662807905,0.22471292593372155,1.3659053917312474,0.9874929456445494,0.7651838940628797,0.973084577000743,0.849408398212993,-0.1926085291553114,107769.95,125166.25,0.1234898967662136,0.0326589635784407,6,1,True,False,SUPPORT,0,sideway,-0.6701051752358687,-2.940059141568686
0.36605443078099953,1.2214392198096147,0.38160799761239494,1.2342082324741217,0.30430435697747843,1.0332165338392743,1.048645466733368,-0.6303931852111306,0.4230068305488333,-0.4531637659573163,0.49724964699906915,107769.95,125166.25,0.060164266569670014,0.0871832462824443,6,1,True,False,SUPPORT,0,sideway,-2.940059141568686,-1.7950014711030846
-0.13525113964475638,0.27068184627423864,-0.9006486843618577,0.36041319015892065,0.6338724011319254,0.48702498388828225,1.0600752410023448,-0.5380290415799677,-0.15583156519377547,-0.997011744573113,1.4566139294469356,107769.95,125166.25,0.022721547147419082,0.11942196878152063,6,1,True,False,SUPPORT,-1,neutral,-1.7950014711030846,2.230222196255341
0.4462220766463181,0.31440013716014015,-0.01930238696597133,-0.15611873767341294,0.3860590752823967,0.21920176321424328,1.1263267950983737,0.13622151093491297,-0.3773090494882851,-0.1897723769577009,1.6357594386089087,107769.95,125166.25,0.0661520210411158,0.08202770315480416,6,1,True,False,SUPPORT,0,sideway,2.230222196255341,0.42648493060551773
0.5441923316120578,0.3797466670230444,0.4758844751667182,0.443025002888471,0.3771486704553427,0.2813498570314213,1.1849632830147807,0.24982347348447784,-0.06735701351356937,-0.06747647348883694,1.4351873579645864,107769.95,125166.25,0.07346945971488344,0.07572728271399039,6,1,True,False,SUPPORT,0,sideway,0.42648493060551773,-1.165785392021461
0.2056818691080686,0.36137677484328823,0.01686280828830034,0.544320838989965,0.42657101428938937,0.4002933076643026,1.1699484006417666,-0.14269824545421425,0.07185142333226889,-0.45067806383601094,1.6231586574437753,107769.95,125166.25,0.048185973919446005,0.09749672934996458,6,1,True,False,SUPPORT,0,sideway,-1.165785392021461,-0.8042060095651932
-0.02906907406116742,0.07722712629042609,0.052954646148546405,0.1941394688009192,0.3328831357141187,0.2344754840184629,1.1277067866767811,-0.41490502764246606,-0.12221760617791802,-0.6963803132038133,1.5375744674415799,107769.95,125166.25,0.03065232933670294,0.11259345071055492,6,1,True,False,SUPPORT,0,sideway,-0.8042060095651932,-1.4752539175399224
-0.43416850012289954,-0.13164701436382423,-0.28043025722990905,-0.04726733351883663,0.4235014850674712,-0.10685143447589648,1.011825760754943,-0.8846403554152519,-0.5216980863908482,-1.0820339405268165,1.5719425645902654,107769.95,125166.25,0.00039528644116477573,0.1386452018814976,7,1,True,False,SUPPORT,0,neutral,-1.4752539175399224,-0.32540885462281904
-0.5361763321700322,-0.48457471942629793,-0.7558839803699036,-0.46599947623016885,0.5169613414719708,-0.3656681875474461,0.8490070836684689,-1.0029241132765858,-0.824610734652672,-1.1735415345006366,1.7217415517049857,106991.45,125166.25,0.0,0.14520527698161448,4,1,True,False,SUPPORT,0,neutral,-0.32540885462281904,0.06454601195276886
-0.5379404427717482,-0.7144164500022043,-0.4164593182167328,-0.5690881589883264,0.0999380247433289,-0.5432013537965233,0.6644397871396543,-1.0049696976897273,-1.032391107849567,-1.1751995147922176,1.3874841274166874,106977.25,125166.25,0.0,0.14531872609429458,5,1,True,False,SUPPORT,0,neutral,0.06454601195276886,0.9567063829641509
-0.3093390400803243,-0.4574175534035716,-0.44071616317429607,-0.5718414592110598,0.15108515166397718,-0.4996513121844858,0.5084552971160791,-0.7398936498993982,-0.9814212294315009,-0.7987727550356717,1.3052675404521614,106977.25,125166.25,0.017200853452486446,0.13061747875325813,5,1,True,False,SUPPORT,0,sideway,0.9567063829641509,1.134112217754392
-0.029727509708287254,-0.16644975003678333,-0.2804791621592583,-0.3342508590604902,0.2634533080754929,-0.3229633149356384,0.36946479350560935,-0.3653836762532518,-0.7569231419215169,-0.37152066811149803,1.3281565117055047,106977.25,125166.25,0.03823990614826987,0.11263579439345668,5,1,True,False,SUPPORT,0,sideway,1.134112217754392,-0.06994411366756999
-0.06725834159409795,0.13017526174569513,-0.27476951165765456,-0.04744661818450224,0.3329591431043757,-0.15875347949024537,0.1972612170193716,-0.34784125751545303,-0.5255275009542855,-0.41806859947253233,1.5841872480470587,106977.25,125166.25,0.03541594123984303,0.11504938431885595,5,1,True,False,SUPPORT,0,sideway,-0.06994411366756999,-1.4061744519901216
-0.45344948360081283,-0.24293110281311772,-0.36695530348226774,-0.08756796515112468,0.36942515026076383,-0.20903019950414117,0.026587111268646584,-0.8196783079935323,-0.5536221944272197,-0.871609299106466,1.5986663113793658,106977.25,125166.25,0.006357426462168412,0.13988515274684665,5,1,True,False,SUPPORT,0,neutral,-1.4061744519901216,0.9406358813859605
-0.2276060566388342,-0.21830107977880722,-0.37032974360741344,-0.4842609000330432,0.25396992446034755,-0.2780653371232279,-0.13300042435781703,-0.45836069642823957,-0.586362334502284,-0.5125964965758706,1.634867583107708,106977.25,125166.25,0.023350759156736595,0.12536126951154963,5,1,True,False,SUPPORT,0,sideway,0.9406358813859605,0.7257979029840362
-0.05507107046533868,-0.10976221264687884,-0.04395047135833545,-0.25208725799510573,0.17805023503823758,-0.273813486922051,-0.25514761654555174,0.47806923424439324,-0.29553321200737726,-0.25054232857803255,1.4795300926703383,106977.25,125166.25,0.03633295864307601,0.11426562671646708,5,1,True,False,SUPPORT,0,sideway,0.7257979029840362,0.32654605308511214
0.01278507113025649,-0.13554676801092264,0.11151829904508447,-0.07364779146688688,0.0386643747515143,-0.11115529507708324,-0.2891523310373515,0.5069719837526664,0.17162218080527186,-0.1474253217779779,1.1826874327888155,106977.25,125166.25,0.041438717110413664,0.1099018305653481,5,1,True,False,SUPPORT,1,sideway,0.32654605308511214,1.0202198406374143
0.2680965991293571,0.13077818418455733,0.1895827925199061,-0.0039060565226717143,0.08422788184943521,0.06178361917072455,-0.25032721268718694,1.0743148885353964,0.7113255746858214,0.22935742151228175,1.0560215893978098,106977.25,125166.25,0.06064934366886423,0.09348286778584478,5,1,True,False,SUPPORT,0,sideway,1.0202198406374143,0.43736153304762754
0.36781854138271547,0.43424059298645673,0.46354820673819974,0.2613071881880666,0.20408568956243128,0.20931978721151143,-0.25787411637117286,1.1977966197844014,0.9647642778631362,0.37067498159551043,0.9524758145117902,106977.25,125166.25,0.06815280819052652,0.0870697971697642,5,1,True,False,SUPPORT,0,sideway,0.43736153304762754,-0.525113671033234
0.20560732922349012,0.3957433538583507,0.3021130349540883,0.36167458584235973,0.2249935686054398,0.27659090543010684,-0.2904653559533746,0.8492374391286363,1.0852867352485753,0.11082925951978194,0.960916612571356,106977.25,125166.25,0.055947409379097014,0.09750152297444395,5,1,True,False,SUPPORT,0,sideway,-0.525113671033234,-0.5609734629106524
0.03566881569618197,0.07969654266235565,-0.06759600469902463,0.1942803353239435,0.260892443696064,0.19550235760768833,-0.30683033407337124,0.4840738462519979,0.8774442558268781,-0.1510203870764239,1.026806183735686,106977.25,125166.25,0.043160578534221034,0.10843018785015932,5,1,True,False,SUPPORT,0,sideway,-0.5609734629106524,-1.6823539468906463
-0.42491313112093715,-0.1777513387311734,-0.4192896910028591,0.020258955199643856,0.3908300007016067,-0.08106294446876412,-0.34493316913639976,-0.5056238686619845,0.2776161983831434,-0.7697573894763808,1.1781083320018275,106977.25,125166.25,0.008504611961889121,0.1380499935086335,5,1,True,False,SUPPORT,0,sideway,-1.6823539468906463,0.8581114349441554
-0.22023903137955372,-0.2388645833850556,-0.27594322996205356,-0.45470454229318846,0.2891496527046938,-0.22963065210983818,-0.3243409204534343,-0.5229545470826273,-0.20557586083627832,-0.42622560724395264,1.1477382704943797,106977.25,125166.25,0.023905082622707192,0.12488749962549807,5,1,True,False,SUPPORT,-1,sideway,0.8581114349441554,0.21203981817970322
-0.1833293651985745,-0.31433251333862294,-0.04024592296007809,-0.24410909037295228,0.04905400032741644,-0.30603392973095866,-0.29037686429236786,-0.423773831418196,-0.525257649710604,-0.3645122589317121,0.8588023147060856,106977.25,125166.25,0.026682308621692876,0.12251385657076093,5,1,True,False,SUPPORT,0,sideway,0.21203981817970322,0.1363796209772349
-0.16624730831575799,-0.22814026085553402,0.0025336639887701884,-0.20595987472866092,0.09593886667134403,-0.21579155150601226,-0.2545987290806604,-0.4148955434782455,-0.4933093460362007,-0.33431245207650684,0.6238724445713932,106977.25,125166.25,0.02796762863132109,0.12141531762755539,5,1,True,False,SUPPORT,0,sideway,0.1363796209772349,-1.417958642738148
-0.5526744932903093,-0.2890739115914584,-0.5388683563796007,-0.1884540077310959,0.4260798896138825,-0.3317704093380755,-0.2780215150825881,-1.186452685098482,-0.7269479584298847,-0.870425608665527,0.8153804198321162,106858.65,125166.25,0.0,0.14626626586639774,4,1,True,False,SUPPORT,0,neutral,-1.417958642738148,-3.2270169254335035
-1.3700043277052176,-0.733851077552715,-1.3164200543464335,-0.5867861166991072,0.6938071517107509,-0.7457731934525262,-0.4070327901646437,-1.408047426398412,-1.0735417222565822,-1.6942078613369547,1.292949534931127,100279.65,125166.25,0.0,0.19882835828348303,2,1,False,False,NONE,0,neutral,-3.2270169254335035,1.7815282701530402
-0.952742477142919,-1.0862400008613136,-1.3147206080515244,-1.4291167001898604,0.5130557309572253,-1.0201627271283786,-0.4922670013799157,-0.7469760824321006,-1.1904777494715848,-0.9943631429773166,1.4503035655003291,100279.65,125166.25,0.033493335886194374,0.17199444738497793,2,1,False,False,NONE,0,neutral,1.7815282701530402,-1.2218799961832112
-1.269574256548352,-1.130189198213162,-1.15238069507444,-0.9991792658743788,0.3969632124231156,-1.270272072397522,-0.5708248755221966,-1.2489352477392968,-1.212479829655045,-1.2861696227626878,1.423319953222285,100279.65,125166.25,0.00806145613791042,0.19236974823484762,2,1,False,False,NONE,0,neutral,-1.2218799961832112,1.4751232409890962
-0.9253366462458341,-1.1682887650943612,-1.2786043177266018,-1.325771896480751,0.45509717252508247,-1.1151380517546363,-0.6379864587266861,-0.7035568016154269,-0.9644064703071653,-0.7624886839786261,1.4744708300130163,100279.65,125166.25,0.03569318401091351,0.1702319914513697,2,1,False,False,NONE,0,sideway,1.4751232409890962,-0.7391280464842994
-1.1252526166882217,-1.1456984158425787,-1.009456039049277,-0.9706730040334285,0.1659942935990084,-1.1753227529712729,-0.7409991229715555,-1.0202852997577387,-1.0606472623029373,-0.9590947747130149,1.3120928814026984,100279.65,125166.25,0.019646059793786735,0.18308849230523405,2,1,False,False,NONE,0,neutral,-0.7391280464842994,1.2041643167007645
-0.8450074972972577,-1.018879453489873,-1.0137352203673957,-1.1770040421203145,0.18156411515704296,-1.027201467930326,-0.8235678218573129,-0.5762906775172284,-0.8237879027713592,-0.5489081167548555,1.2673856659241463,100279.65,125166.25,0.042141152267683515,0.16506606213735728,2,1,False,False,NONE,0,sideway,1.2041643167007645,0.60939719337758
-0.7097548767276409,-0.8142065277021522,-0.6858337821923016,-0.8878691005906643,0.2907341144554363,-0.9519900953095338,-0.9176930533372679,-0.33901696092333516,-0.6954219320751763,-0.3586005048013939,1.1132865755417145,100279.65,125166.25,0.0529977916755793,0.15636803051940917,2,1,False,False,NONE,0,sideway,0.60939719337758,-1.4139344207103879
-1.0798205570369785,-0.7043078780485391,-0.8834769410438631,-0.7498327140751145,0.3026614280034613,-0.9361399259051509,-1.0570387194250215,-0.811363579200629,-0.6218540076257824,-0.7641739255541814,1.2264893425790966,100279.65,125166.25,0.023292861512779543,0.18016677818501395,2,1,False,False,NONE,0,sideway,-1.4139344207103879,-0.2939073213582811
-1.1692311485901639,-0.984859234173732,-1.0895989920214706,-1.1305180895225366,0.3079527117098155,-1.0492538775364213,-1.1893768026276368,-0.8694584600791295,-0.7250876265190115,-0.8570411806942883,1.2796788494490434,100279.65,125166.25,0.0161159317967305,0.18591673074810502,2,1,False,False,NONE,0,neutral,-0.2939073213582811,-1.5418600747646596
-1.5566149287501525,-1.1487899968588653,-1.4322880582087487,-1.2227600500078797,0.47849575527959026,-1.3447032890180985,-1.3426455553249048,-1.4665455281359414,-1.1221259824450338,-1.2358397100455116,1.487099850310809,98777.55,125166.25,0.0,0.21082919716776685,1,1,False,False,NONE,0,neutral,-1.5418600747646596,-1.9374782048019723
-2.0224643607442285,-1.6045223918155904,-1.8967748509420224,-1.621770879495914,0.7111368366893519,-1.6735693825090137,-1.4964213413230762,-1.5033380027641847,-1.3657919927473046,-1.6235620128461445,1.7052490513081737,95027.75,125166.25,0.0,0.24078775228945504,1,1,False,False,NONE,0,neutral,-1.9374782048019723,0.19201483851949563
-1.9950088365907561,-2.0768287397724885,-1.9201147284742746,-2.101856796007785,0.2584075867068921,-1.9616636565886578,-1.667255688730218,-1.4231182369826347,-1.5607530553371145,-1.5769222035370758,1.5460656577239043,95027.75,125166.25,0.00232563645882387,0.23902210060619375,1,1,False,False,NONE,0,neutral,0.19201483851949563,-0.9065184774320526
-2.2158580912859045,-2.1018949194646974,-1.9997075009912815,-2.073555430927595,0.2845424355106527,-2.191657979652237,-1.8629011845504968,-1.6480725257060898,-1.6246744341538064,-1.7549953230331474,1.4454648391196525,93471.05,125166.25,0.0,0.2532248110013682,1,1,False,False,NONE,0,neutral,-0.9065184774320526,-0.7929413784726044
-2.4076243676809277,-2.1748806049093394,-2.2514456248200325,-2.2996846185230675,0.543786103510372,-2.326031182289386,-2.0786498332516863,-1.5369186197347062,-1.6364992280797979,-1.9030205310111963,1.5064587839719898,91927.45,125166.25,0.0,0.26555720891214685,1,1,False,False,NONE,0,oversold,-0.7929413784726044,0.370914524594708
-2.341544760001144,-2.460094988832954,-2.4959702715696697,-2.4984728946044195,0.5980495334315582,-2.4469293571228072,-2.250841451405353,-1.0749733266066137,-1.5139064292282154,-1.7753668099954485,1.5399509910808977,91927.45,125166.25,0.005786084569951725,0.26130766081112117,1,1,False,False,NONE,0,oversold,0.370914524594708,-0.9983407445229792
-2.575848463862904,-2.5131521634526988,-2.5805146681833566,-2.430767321220271,0.48761664211043293,-2.572521470557526,-2.3669126148150275,-1.3138606636256103,-1.3962198959464498,-1.9653429592885485,1.599848762529039,90573.35,125166.25,0.0,0.27637562042483493,1,1,False,False,NONE,0,oversold,-0.9983407445229792,-1.8616677138299678
-2.9871843936011255,-2.545966537891119,-2.887209706369089,-2.672622335204193,0.5455868939872307,-2.7747162348134253,-2.562742268956862,-1.4849391980914568,-1.3779163028390566,-2.260830788627721,1.8889080286789477,87262.35,125166.25,0.0,0.30282843817722427,1,1,False,False,NONE,0,oversold,-1.8616677138299678,-1.1996709710590365
-3.249428130866126,-3.1751353450477806,-3.5540895492170366,-3.0966177634575884,1.0,-3.091455236700985,-2.7533174317680906,-1.096435674285923,-1.3854738720968995,-2.426953730226435,2.2143045364492124,85151.45,125166.25,0.0,0.3196932080333157,1,1,False,False,NONE,0,oversold,-1.1996709710590365,-0.40279566819220347
-3.3456342752301476,-3.5145421937153785,-3.204896127426218,-3.3666204699511293,0.31714375920858767,-3.36001527137523,-2.9862884710344435,-1.1954001973143789,-1.3437602072247858,-2.4860238014988587,1.946314598443942,84377.05,125166.25,0.0,0.32588017936144925,1,1,False,False,NONE,0,oversold,-0.40279566819220347,2.2312128933980366
-2.9002833114954516,-3.2094634396518518,-3.110179505507745,-3.4651758118774363,0.28431441333988167,-3.3296975423668465,-3.157147930939979,-0.7372803339977307,-1.0804859498575075,-1.6052918537370082,1.8636322406890837,84377.05,125166.25,0.04248548627855563,0.2972398709716077,1,1,False,False,NONE,0,neutral,2.2312128933980366,0.5171814293167992
-2.806040050758692,-3.0502919157926196,-2.988931959416938,-3.0074492543836704,0.48537150073668706,-3.1750099443240845,-3.3459114063670805,-0.6403349735000725,-0.9198785136979103,-1.4342252318284536,1.8126691810084439,84377.05,125166.25,0.0514760826551769,0.2911791317547662,1,1,False,False,NONE,0,neutral,0.5171814293167992,-0.9428652954377108
